{
  "mode": "full-local",
  "k_run": 18,
  "repeats": 3,
  "order_policy": "alternate",
  "input_profile": "boundary",
  "scales": [
    4520
  ],
  "rows": [
    {
      "scale": 4520,
      "a_secure": {
        "keygen_vk_ms": {
          "mean": 1618.3254666666667,
          "std": 11.682307321282424,
          "min": 1604.4498,
          "max": 1633.0295
        },
        "keygen_pk_ms": {
          "mean": 2292.8887,
          "std": 8.463237610197734,
          "min": 2286.8569,
          "max": 2304.8574
        },
        "prove_ms": {
          "mean": 32371.6196,
          "std": 453.7942128653526,
          "min": 32026.5815,
          "max": 33012.7593
        },
        "verify_ms": {
          "mean": 6.813,
          "std": 0.22355533244963469,
          "min": 6.606599999999999,
          "max": 7.1236
        },
        "peak_rss_mb": {
          "mean": 6297.096354166667,
          "std": 0.9700582004840683,
          "min": 6296.2421875,
          "max": 6298.453125
        },
        "proof_bytes": {
          "mean": 11072.0,
          "std": 0.0,
          "min": 11072.0,
          "max": 11072.0
        },
        "k_run": 18,
        "physical_rows": 131080
      },
      "b_note": {
        "keygen_vk_ms": {
          "mean": 1238.5994,
          "std": 44.537706559947594,
          "min": 1175.7165,
          "max": 1273.158
        },
        "keygen_pk_ms": {
          "mean": 2982.0221333333334,
          "std": 61.16271648165685,
          "min": 2901.6145,
          "max": 3049.8352999999997
        },
        "prove_ms": {
          "mean": 26709.8767,
          "std": 389.9540010045882,
          "min": 26355.8309,
          "max": 27253.0756
        },
        "verify_ms": {
          "mean": 4.380966666666667,
          "std": 0.156919731781004,
          "min": 4.1931,
          "max": 4.5772
        },
        "peak_rss_mb": {
          "mean": 1794.4609375,
          "std": 0.07124668760575235,
          "min": 1794.36328125,
          "max": 1794.53125
        },
        "proof_bytes": {
          "mean": 5088.0,
          "std": 0.0,
          "min": 5088.0,
          "max": 5088.0
        },
        "k_run": 18,
        "physical_rows": 131080
      },
      "ratio": {
        "prove_b_over_a_mean": 0.8251016486058053,
        "verify_b_over_a_mean": 0.6430304809432947,
        "rss_b_over_a_mean": 0.28496640936939766
      }
    }
  ]
}