{
  "k_run_fixed": 13,
  "capacity_rows": 8192,
  "mode": "full-local",
  "scales": [
    176,
    208,
    240
  ],
  "rows": [
    {
      "scale": 176,
      "a_secure": {
        "k_run": 13,
        "prove_ms": 11596.0276,
        "verify_ms": 41.2791,
        "peak_rss_mb": 209.12109375,
        "physical_rows": 5104
      },
      "b_note": {
        "k_run": 13,
        "prove_ms": 8877.9506,
        "verify_ms": 26.0,
        "peak_rss_mb": 69.29296875,
        "physical_rows": 5104
      },
      "ratios": {
        "prove_b_over_a": 0.7656027483066702,
        "verify_b_over_a": 0.6298586936246188,
        "rss_b_over_a": 0.3313533202577753,
        "rows_b_over_a": 1.0
      },
      "occupancy": 0.623046875,
      "occupancy_bucket": "mid-high(60-90%)"
    },
    {
      "scale": 208,
      "a_secure": {
        "k_run": 13,
        "prove_ms": 11814.1893,
        "verify_ms": 42.0146,
        "peak_rss_mb": 209.3046875,
        "physical_rows": 6032
      },
      "b_note": {
        "k_run": 13,
        "prove_ms": 8954.3038,
        "verify_ms": 25.9854,
        "peak_rss_mb": 69.46484375,
        "physical_rows": 6032
      },
      "ratios": {
        "prove_b_over_a": 0.7579279096196638,
        "verify_b_over_a": 0.6184850028323488,
        "rss_b_over_a": 0.3318838415885932,
        "rows_b_over_a": 1.0
      },
      "occupancy": 0.736328125,
      "occupancy_bucket": "mid-high(60-90%)"
    },
    {
      "scale": 240,
      "a_secure": {
        "k_run": 13,
        "prove_ms": 11977.424599999998,
        "verify_ms": 42.828199999999995,
        "peak_rss_mb": 209.2734375,
        "physical_rows": 6960
      },
      "b_note": {
        "k_run": 13,
        "prove_ms": 9147.894,
        "verify_ms": 26.7785,
        "peak_rss_mb": 69.421875,
        "physical_rows": 6960
      },
      "ratios": {
        "prove_b_over_a": 0.7637613515012235,
        "verify_b_over_a": 0.6252539214816407,
        "rss_b_over_a": 0.3317280770523015,
        "rows_b_over_a": 1.0
      },
      "occupancy": 0.849609375,
      "occupancy_bucket": "mid-high(60-90%)"
    }
  ],
  "bucket_summary": {
    "mid-high(60-90%)": {
      "num_points": 3,
      "scale_min": 176,
      "scale_max": 240,
      "avg_prove_b_over_a": 0.7624306698091858,
      "avg_verify_b_over_a": 0.6245325393128695,
      "avg_rss_b_over_a": 0.33165507963289
    }
  }
}