{
  "mode": "full-local",
  "scales": [
    16,
    24,
    32
  ],
  "rows": [
    {
      "scale": 16,
      "a_secure": {
        "k_run": 13,
        "prove_ms": 10571.9511,
        "verify_ms": 41.0199,
        "peak_rss_mb": 208.11328125,
        "physical_rows": 464
      },
      "b_note": {
        "k_run": 13,
        "prove_ms": 8042.7123,
        "verify_ms": 25.729499999999998,
        "peak_rss_mb": 69.3828125,
        "physical_rows": 464
      },
      "ratios": {
        "prove_b_over_a": 0.7607595063507246,
        "verify_b_over_a": 0.6272443375044795,
        "rss_b_over_a": 0.33338964281021827,
        "rows_b_over_a": 1.0
      }
    },
    {
      "scale": 24,
      "a_secure": {
        "k_run": 13,
        "prove_ms": 10719.3141,
        "verify_ms": 41.533100000000005,
        "peak_rss_mb": 208.23828125,
        "physical_rows": 696
      },
      "b_note": {
        "k_run": 13,
        "prove_ms": 8100.761399999999,
        "verify_ms": 25.8405,
        "peak_rss_mb": 69.31640625,
        "physical_rows": 696
      },
      "ratios": {
        "prove_b_over_a": 0.7557163942047374,
        "verify_b_over_a": 0.6221664166652621,
        "rss_b_over_a": 0.3328706222213885,
        "rows_b_over_a": 1.0
      }
    },
    {
      "scale": 32,
      "a_secure": {
        "k_run": 13,
        "prove_ms": 10738.3775,
        "verify_ms": 41.269,
        "peak_rss_mb": 208.26171875,
        "physical_rows": 928
      },
      "b_note": {
        "k_run": 13,
        "prove_ms": 8209.514000000001,
        "verify_ms": 26.2801,
        "peak_rss_mb": 69.69140625,
        "physical_rows": 928
      },
      "ratios": {
        "prove_b_over_a": 0.764502272340491,
        "verify_b_over_a": 0.6368000193850106,
        "rss_b_over_a": 0.3346337803619994,
        "rows_b_over_a": 1.0
      }
    }
  ]
}