{
  "mode": "full-local",
  "k_run": 17,
  "repeats": 3,
  "order_policy": "alternate",
  "input_profile": "standard",
  "scales": [
    1,
    4
  ],
  "rows": [
    {
      "scale": 1,
      "a_secure": {
        "keygen_vk_ms": {
          "mean": 171.96163333333334,
          "std": 14.562284769530114,
          "min": 159.75320000000002,
          "max": 192.4292
        },
        "keygen_pk_ms": {
          "mean": 463.53336666666667,
          "std": 63.30304405136369,
          "min": 415.3883,
          "max": 552.9699
        },
        "prove_ms": {
          "mean": 15997.119266666667,
          "std": 592.68081182485,
          "min": 15569.7495,
          "max": 16835.2416
        },
        "verify_ms": {
          "mean": 7.016766666666666,
          "std": 0.4057209002367136,
          "min": 6.6598999999999995,
          "max": 7.584300000000001
        },
        "peak_rss_mb": {
          "mean": 3152.72265625,
          "std": 1.4280678724441958,
          "min": 3151.69921875,
          "max": 3154.7421875
        },
        "proof_bytes": {
          "mean": 11072.0,
          "std": 0.0,
          "min": 11072.0,
          "max": 11072.0
        },
        "k_run": 17,
        "physical_rows": 29
      },
      "b_note": {
        "keygen_vk_ms": {
          "mean": 274.3075666666667,
          "std": 10.218348154939493,
          "min": 259.9307,
          "max": 282.7614
        },
        "keygen_pk_ms": {
          "mean": 1001.6248666666667,
          "std": 28.23765053332561,
          "min": 975.0554,
          "max": 1040.7281
        },
        "prove_ms": {
          "mean": 13136.108066666668,
          "std": 418.3747524163015,
          "min": 12622.760100000001,
          "max": 13647.5595
        },
        "verify_ms": {
          "mean": 4.427233333333334,
          "std": 0.20345535682852445,
          "min": 4.1437,
          "max": 4.6114
        },
        "peak_rss_mb": {
          "mean": 903.1588541666666,
          "std": 2.118607623862637,
          "min": 901.4921875,
          "max": 906.1484375
        },
        "proof_bytes": {
          "mean": 5088.0,
          "std": 0.0,
          "min": 5088.0,
          "max": 5088.0
        },
        "k_run": 17,
        "physical_rows": 29
      },
      "ratio": {
        "prove_b_over_a_mean": 0.8211545996308528,
        "verify_b_over_a_mean": 0.6309506277820269,
        "rss_b_over_a_mean": 0.2864694908625192
      }
    },
    {
      "scale": 4,
      "a_secure": {
        "keygen_vk_ms": {
          "mean": 174.25636666666668,
          "std": 23.081568554632977,
          "min": 143.0731,
          "max": 198.2051
        },
        "keygen_pk_ms": {
          "mean": 440.9358666666667,
          "std": 23.683410184674766,
          "min": 407.9953,
          "max": 462.65450000000004
        },
        "prove_ms": {
          "mean": 15455.0943,
          "std": 175.77831562114443,
          "min": 15212.9469,
          "max": 15624.855800000001
        },
        "verify_ms": {
          "mean": 6.824966666666667,
          "std": 0.3211395266166337,
          "min": 6.5527,
          "max": 7.2759
        },
        "peak_rss_mb": {
          "mean": 3151.9479166666665,
          "std": 0.47457677714413493,
          "min": 3151.5390625,
          "max": 3152.61328125
        },
        "proof_bytes": {
          "mean": 11072.0,
          "std": 0.0,
          "min": 11072.0,
          "max": 11072.0
        },
        "k_run": 17,
        "physical_rows": 116
      },
      "b_note": {
        "keygen_vk_ms": {
          "mean": 271.18733333333336,
          "std": 12.39266791032324,
          "min": 255.20890000000003,
          "max": 285.4123
        },
        "keygen_pk_ms": {
          "mean": 980.6436666666667,
          "std": 14.492977691818792,
          "min": 968.3012,
          "max": 1000.9859000000001
        },
        "prove_ms": {
          "mean": 12931.507366666667,
          "std": 412.1540001213168,
          "min": 12606.7304,
          "max": 13513.0573
        },
        "verify_ms": {
          "mean": 4.585833333333333,
          "std": 0.3184978946380794,
          "min": 4.135599999999999,
          "max": 4.8223
        },
        "peak_rss_mb": {
          "mean": 901.82421875,
          "std": 0.17125242356861697,
          "min": 901.58203125,
          "max": 901.9453125
        },
        "proof_bytes": {
          "mean": 5088.0,
          "std": 0.0,
          "min": 5088.0,
          "max": 5088.0
        },
        "k_run": 17,
        "physical_rows": 116
      },
      "ratio": {
        "prove_b_over_a_mean": 0.8367148796152389,
        "verify_b_over_a_mean": 0.671920253578772,
        "rss_b_over_a_mean": 0.28611647228730913
      }
    }
  ]
}