{
  "mode": "full-local",
  "k_run": 17,
  "repeats": 3,
  "order_policy": "alternate",
  "input_profile": "boundary",
  "scales": [
    1,
    4
  ],
  "rows": [
    {
      "scale": 1,
      "a_secure": {
        "keygen_vk_ms": {
          "mean": 154.69056666666668,
          "std": 12.695155633635311,
          "min": 144.3144,
          "max": 172.56730000000002
        },
        "keygen_pk_ms": {
          "mean": 426.5557,
          "std": 19.381984274750252,
          "min": 407.09770000000003,
          "max": 453.0039
        },
        "prove_ms": {
          "mean": 15746.793766666668,
          "std": 591.6057461610585,
          "min": 15038.6293,
          "max": 16486.7171
        },
        "verify_ms": {
          "mean": 6.857566666666667,
          "std": 0.16702204112697877,
          "min": 6.623,
          "max": 6.9989
        },
        "peak_rss_mb": {
          "mean": 3151.62109375,
          "std": 0.07621359701386404,
          "min": 3151.51953125,
          "max": 3151.703125
        },
        "proof_bytes": {
          "mean": 11072.0,
          "std": 0.0,
          "min": 11072.0,
          "max": 11072.0
        },
        "k_run": 17,
        "physical_rows": 29
      },
      "b_note": {
        "keygen_vk_ms": {
          "mean": 282.7221,
          "std": 3.171893075120921,
          "min": 280.1065,
          "max": 287.1859
        },
        "keygen_pk_ms": {
          "mean": 989.9671,
          "std": 13.772887808541277,
          "min": 975.0205,
          "max": 1008.2564999999998
        },
        "prove_ms": {
          "mean": 13238.9348,
          "std": 143.21387598665163,
          "min": 13089.4524,
          "max": 13432.0254
        },
        "verify_ms": {
          "mean": 4.3204,
          "std": 0.23162050859110045,
          "min": 4.0877,
          "max": 4.6364
        },
        "peak_rss_mb": {
          "mean": 901.6940104166666,
          "std": 0.039878627164358214,
          "min": 901.64453125,
          "max": 901.7421875
        },
        "proof_bytes": {
          "mean": 5088.0,
          "std": 0.0,
          "min": 5088.0,
          "max": 5088.0
        },
        "k_run": 17,
        "physical_rows": 29
      },
      "ratio": {
        "prove_b_over_a_mean": 0.8407384383241632,
        "verify_b_over_a_mean": 0.6300193946346372,
        "rss_b_over_a_mean": 0.2861048278312459
      }
    },
    {
      "scale": 4,
      "a_secure": {
        "keygen_vk_ms": {
          "mean": 165.43343333333334,
          "std": 15.047711552333217,
          "min": 152.29909999999998,
          "max": 186.5012
        },
        "keygen_pk_ms": {
          "mean": 427.8666666666667,
          "std": 23.59227945894353,
          "min": 409.06080000000003,
          "max": 461.1369
        },
        "prove_ms": {
          "mean": 14981.4416,
          "std": 231.80171344243013,
          "min": 14786.8983,
          "max": 15307.2143
        },
        "verify_ms": {
          "mean": 6.6266,
          "std": 0.14060905613319039,
          "min": 6.4352,
          "max": 6.769
        },
        "peak_rss_mb": {
          "mean": 3151.9596354166665,
          "std": 0.39322485510881333,
          "min": 3151.671875,
          "max": 3152.515625
        },
        "proof_bytes": {
          "mean": 11072.0,
          "std": 0.0,
          "min": 11072.0,
          "max": 11072.0
        },
        "k_run": 17,
        "physical_rows": 116
      },
      "b_note": {
        "keygen_vk_ms": {
          "mean": 253.70533333333333,
          "std": 6.3642419922215065,
          "min": 246.03910000000002,
          "max": 261.6222
        },
        "keygen_pk_ms": {
          "mean": 960.2597666666667,
          "std": 0.8956909226339546,
          "min": 959.2906,
          "max": 961.4507
        },
        "prove_ms": {
          "mean": 12922.919666666667,
          "std": 128.54980516667075,
          "min": 12788.1235,
          "max": 13095.959
        },
        "verify_ms": {
          "mean": 4.3891,
          "std": 0.2916852070297703,
          "min": 4.0518,
          "max": 4.7634
        },
        "peak_rss_mb": {
          "mean": 901.96484375,
          "std": 0.18793352659029913,
          "min": 901.82421875,
          "max": 902.23046875
        },
        "proof_bytes": {
          "mean": 5088.0,
          "std": 0.0,
          "min": 5088.0,
          "max": 5088.0
        },
        "k_run": 17,
        "physical_rows": 116
      },
      "ratio": {
        "prove_b_over_a_mean": 0.8625952035661686,
        "verify_b_over_a_mean": 0.6623456976428335,
        "rss_b_over_a_mean": 0.28616002362947984
      }
    }
  ]
}