{
  "mode": "full-local",
  "k_run": 17,
  "repeats": 3,
  "order_policy": "alternate",
  "input_profile": "boundary",
  "scales": [
    16
  ],
  "rows": [
    {
      "scale": 16,
      "a_secure": {
        "keygen_vk_ms": {
          "mean": 153.78506666666667,
          "std": 9.168864240945481,
          "min": 145.9727,
          "max": 166.6538
        },
        "keygen_pk_ms": {
          "mean": 416.9744,
          "std": 4.033014679698893,
          "min": 411.8635,
          "max": 421.7223
        },
        "prove_ms": {
          "mean": 15274.045633333333,
          "std": 305.9252089173575,
          "min": 15051.2859,
          "max": 15706.6247
        },
        "verify_ms": {
          "mean": 7.1112,
          "std": 0.14471682694144475,
          "min": 6.919,
          "max": 7.2682
        },
        "peak_rss_mb": {
          "mean": 3151.7578125,
          "std": 0.01149968862803105,
          "min": 3151.7421875,
          "max": 3151.76953125
        },
        "proof_bytes": {
          "mean": 11072.0,
          "std": 0.0,
          "min": 11072.0,
          "max": 11072.0
        },
        "k_run": 17,
        "physical_rows": 464
      },
      "b_note": {
        "keygen_vk_ms": {
          "mean": 269.8647,
          "std": 17.670504776227165,
          "min": 255.24960000000002,
          "max": 294.72700000000003
        },
        "keygen_pk_ms": {
          "mean": 999.4825333333333,
          "std": 44.11515522102979,
          "min": 963.7761,
          "max": 1061.6416
        },
        "prove_ms": {
          "mean": 13500.716999999999,
          "std": 383.41411117005913,
          "min": 12966.6865,
          "max": 13849.0842
        },
        "verify_ms": {
          "mean": 4.5471,
          "std": 0.15411173435746792,
          "min": 4.3663,
          "max": 4.742900000000001
        },
        "peak_rss_mb": {
          "mean": 901.8020833333334,
          "std": 0.08852251631137256,
          "min": 901.703125,
          "max": 901.91796875
        },
        "proof_bytes": {
          "mean": 5088.0,
          "std": 0.0,
          "min": 5088.0,
          "max": 5088.0
        },
        "k_run": 17,
        "physical_rows": 464
      },
      "ratio": {
        "prove_b_over_a_mean": 0.8838992185892578,
        "verify_b_over_a_mean": 0.6394279446506919,
        "rss_b_over_a_mean": 0.2861267067402037
      }
    }
  ]
}