{
  "mode": "full-local",
  "k_run": 17,
  "repeats": 3,
  "order_policy": "alternate",
  "input_profile": "boundary",
  "scales": [
    8
  ],
  "rows": [
    {
      "scale": 8,
      "a_secure": {
        "keygen_vk_ms": {
          "mean": 144.95783333333333,
          "std": 6.9157005604799116,
          "min": 138.0971,
          "max": 154.4246
        },
        "keygen_pk_ms": {
          "mean": 410.407,
          "std": 5.520646821402957,
          "min": 403.9985,
          "max": 417.47319999999996
        },
        "prove_ms": {
          "mean": 15761.3838,
          "std": 536.9269787045716,
          "min": 15040.1852,
          "max": 16327.750699999999
        },
        "verify_ms": {
          "mean": 6.6384,
          "std": 0.08223004317158053,
          "min": 6.5317,
          "max": 6.7318
        },
        "peak_rss_mb": {
          "mean": 3151.5950520833335,
          "std": 0.022627795829404645,
          "min": 3151.5703125,
          "max": 3151.625
        },
        "proof_bytes": {
          "mean": 11072.0,
          "std": 0.0,
          "min": 11072.0,
          "max": 11072.0
        },
        "k_run": 17,
        "physical_rows": 232
      },
      "b_note": {
        "keygen_vk_ms": {
          "mean": 274.2864666666667,
          "std": 31.46807750099913,
          "min": 249.726,
          "max": 318.70619999999997
        },
        "keygen_pk_ms": {
          "mean": 1007.1597999999999,
          "std": 45.02638481845947,
          "min": 968.3036999999999,
          "max": 1070.2767
        },
        "prove_ms": {
          "mean": 13156.001366666665,
          "std": 362.4184193331643,
          "min": 12859.971699999998,
          "max": 13666.3634
        },
        "verify_ms": {
          "mean": 4.4368,
          "std": 0.30854375162473585,
          "min": 4.0889999999999995,
          "max": 4.8389
        },
        "peak_rss_mb": {
          "mean": 901.7369791666666,
          "std": 0.2010696628822887,
          "min": 901.49609375,
          "max": 901.98828125
        },
        "proof_bytes": {
          "mean": 5088.0,
          "std": 0.0,
          "min": 5088.0,
          "max": 5088.0
        },
        "k_run": 17,
        "physical_rows": 232
      },
      "ratio": {
        "prove_b_over_a_mean": 0.8346983699912609,
        "verify_b_over_a_mean": 0.668353820197638,
        "rss_b_over_a_mean": 0.2861208258880155
      }
    }
  ]
}