{
  "mode": "full-local",
  "k_run": 17,
  "repeats": 3,
  "order_policy": "alternate",
  "input_profile": "standard",
  "scales": [
    16
  ],
  "rows": [
    {
      "scale": 16,
      "a_secure": {
        "keygen_vk_ms": {
          "mean": 153.48646666666667,
          "std": 7.553011637897968,
          "min": 144.196,
          "max": 162.6965
        },
        "keygen_pk_ms": {
          "mean": 420.9741333333333,
          "std": 0.27344251477942194,
          "min": 420.7324,
          "max": 421.3564
        },
        "prove_ms": {
          "mean": 15006.4166,
          "std": 144.10704427390067,
          "min": 14877.439600000002,
          "max": 15207.5578
        },
        "verify_ms": {
          "mean": 6.5248,
          "std": 0.08131178676346154,
          "min": 6.4237,
          "max": 6.6228
        },
        "peak_rss_mb": {
          "mean": 3152.2643229166665,
          "std": 0.9262856469936198,
          "min": 3151.59765625,
          "max": 3153.57421875
        },
        "proof_bytes": {
          "mean": 11072.0,
          "std": 0.0,
          "min": 11072.0,
          "max": 11072.0
        },
        "k_run": 17,
        "physical_rows": 464
      },
      "b_note": {
        "keygen_vk_ms": {
          "mean": 282.85616666666664,
          "std": 30.95425733845921,
          "min": 259.5754,
          "max": 326.6019
        },
        "keygen_pk_ms": {
          "mean": 1007.9997,
          "std": 42.119658440447935,
          "min": 958.1023,
          "max": 1061.1226
        },
        "prove_ms": {
          "mean": 12854.011066666666,
          "std": 114.94626171663393,
          "min": 12698.4249,
          "max": 12972.5923
        },
        "verify_ms": {
          "mean": 4.674733333333333,
          "std": 0.20113042755607355,
          "min": 4.4204,
          "max": 4.9122
        },
        "peak_rss_mb": {
          "mean": 901.7981770833334,
          "std": 0.08108540352573054,
          "min": 901.68359375,
          "max": 901.859375
        },
        "proof_bytes": {
          "mean": 5088.0,
          "std": 0.0,
          "min": 5088.0,
          "max": 5088.0
        },
        "k_run": 17,
        "physical_rows": 464
      },
      "ratio": {
        "prove_b_over_a_mean": 0.8565676543104012,
        "verify_b_over_a_mean": 0.7164561876736962,
        "rss_b_over_a_mean": 0.2860794922961711
      }
    }
  ]
}