{
  "mode": "full-local",
  "k_run": 13,
  "repeats": 2,
  "scales": [
    16,
    24,
    32
  ],
  "rows": [
    {
      "scale": 16,
      "a_secure": {
        "keygen_vk_ms": {
          "mean": 342.95105,
          "std": 5.5663499999999715,
          "min": 337.3847,
          "max": 348.51739999999995
        },
        "keygen_pk_ms": {
          "mean": 259.6831,
          "std": 10.615099999999998,
          "min": 249.068,
          "max": 270.2982
        },
        "prove_ms": {
          "mean": 12389.28505,
          "std": 421.4142499999998,
          "min": 11967.8708,
          "max": 12810.6993
        },
        "verify_ms": {
          "mean": 43.3018,
          "std": 1.6052,
          "min": 41.696600000000004,
          "max": 44.907000000000004
        },
        "peak_rss_mb": {
          "mean": 208.904296875,
          "std": 0.951171875,
          "min": 207.953125,
          "max": 209.85546875
        },
        "proof_bytes": {
          "mean": 11072.0,
          "std": 0.0,
          "min": 11072.0,
          "max": 11072.0
        },
        "k_run": 13,
        "physical_rows": 464
      },
      "b_note": {
        "keygen_vk_ms": {
          "mean": 454.16265,
          "std": 0.5021499999999719,
          "min": 453.6605,
          "max": 454.66479999999996
        },
        "keygen_pk_ms": {
          "mean": 426.21860000000004,
          "std": 17.039500000000004,
          "min": 409.1791,
          "max": 443.2581
        },
        "prove_ms": {
          "mean": 9213.90795,
          "std": 13.33575000000019,
          "min": 9200.5722,
          "max": 9227.2437
        },
        "verify_ms": {
          "mean": 28.1306,
          "std": 0.8678999999999988,
          "min": 27.262700000000002,
          "max": 28.9985
        },
        "peak_rss_mb": {
          "mean": 69.4296875,
          "std": 0.046875,
          "min": 69.3828125,
          "max": 69.4765625
        },
        "proof_bytes": {
          "mean": 5088.0,
          "std": 0.0,
          "min": 5088.0,
          "max": 5088.0
        },
        "k_run": 13,
        "physical_rows": 464
      },
      "ratio": {
        "prove_b_over_a_mean": 0.7436997302762035,
        "verify_b_over_a_mean": 0.6496404306518436,
        "rss_b_over_a_mean": 0.33235164876261
      }
    },
    {
      "scale": 24,
      "a_secure": {
        "keygen_vk_ms": {
          "mean": 391.4418,
          "std": 22.543900000000008,
          "min": 368.8979,
          "max": 413.9857
        },
        "keygen_pk_ms": {
          "mean": 279.7309,
          "std": 1.218199999999996,
          "min": 278.5127,
          "max": 280.9491
        },
        "prove_ms": {
          "mean": 11930.6437,
          "std": 188.05379999999968,
          "min": 11742.5899,
          "max": 12118.6975
        },
        "verify_ms": {
          "mean": 42.47735,
          "std": 0.566749999999999,
          "min": 41.9106,
          "max": 43.0441
        },
        "peak_rss_mb": {
          "mean": 207.80078125,
          "std": 0.203125,
          "min": 207.59765625,
          "max": 208.00390625
        },
        "proof_bytes": {
          "mean": 11072.0,
          "std": 0.0,
          "min": 11072.0,
          "max": 11072.0
        },
        "k_run": 13,
        "physical_rows": 696
      },
      "b_note": {
        "keygen_vk_ms": {
          "mean": 413.59285,
          "std": 3.3205499999999972,
          "min": 410.2723,
          "max": 416.91339999999997
        },
        "keygen_pk_ms": {
          "mean": 416.04594999999995,
          "std": 2.738349999999997,
          "min": 413.3076,
          "max": 418.7843
        },
        "prove_ms": {
          "mean": 8697.8295,
          "std": 44.780799999999545,
          "min": 8653.0487,
          "max": 8742.610299999998
        },
        "verify_ms": {
          "mean": 26.0564,
          "std": 0.0010000000000012221,
          "min": 26.0554,
          "max": 26.0574
        },
        "peak_rss_mb": {
          "mean": 69.380859375,
          "std": 0.134765625,
          "min": 69.24609375,
          "max": 69.515625
        },
        "proof_bytes": {
          "mean": 5088.0,
          "std": 0.0,
          "min": 5088.0,
          "max": 5088.0
        },
        "k_run": 13,
        "physical_rows": 696
      },
      "ratio": {
        "prove_b_over_a_mean": 0.7290327092745214,
        "verify_b_over_a_mean": 0.6134186807792859,
        "rss_b_over_a_mean": 0.333881609865218
      }
    },
    {
      "scale": 32,
      "a_secure": {
        "keygen_vk_ms": {
          "mean": 384.3302,
          "std": 5.85499999999999,
          "min": 378.47520000000003,
          "max": 390.1852
        },
        "keygen_pk_ms": {
          "mean": 312.03499999999997,
          "std": 2.8660999999999888,
          "min": 309.1689,
          "max": 314.9011
        },
        "prove_ms": {
          "mean": 11596.1832,
          "std": 31.201900000000023,
          "min": 11564.9813,
          "max": 11627.3851
        },
        "verify_ms": {
          "mean": 43.53605,
          "std": 0.36315000000000097,
          "min": 43.1729,
          "max": 43.8992
        },
        "peak_rss_mb": {
          "mean": 208.12890625,
          "std": 0.4140625,
          "min": 207.71484375,
          "max": 208.54296875
        },
        "proof_bytes": {
          "mean": 11072.0,
          "std": 0.0,
          "min": 11072.0,
          "max": 11072.0
        },
        "k_run": 13,
        "physical_rows": 928
      },
      "b_note": {
        "keygen_vk_ms": {
          "mean": 447.91705,
          "std": 19.506350000000026,
          "min": 428.41069999999996,
          "max": 467.4234
        },
        "keygen_pk_ms": {
          "mean": 438.0165,
          "std": 2.103400000000022,
          "min": 435.9131,
          "max": 440.11990000000003
        },
        "prove_ms": {
          "mean": 8617.55565,
          "std": 130.06144999999924,
          "min": 8487.494200000001,
          "max": 8747.6171
        },
        "verify_ms": {
          "mean": 27.58615,
          "std": 0.00835000000000008,
          "min": 27.5778,
          "max": 27.5945
        },
        "peak_rss_mb": {
          "mean": 69.35546875,
          "std": 0.0078125,
          "min": 69.34765625,
          "max": 69.36328125
        },
        "proof_bytes": {
          "mean": 5088.0,
          "std": 0.0,
          "min": 5088.0,
          "max": 5088.0
        },
        "k_run": 13,
        "physical_rows": 928
      },
      "ratio": {
        "prove_b_over_a_mean": 0.7431372462277072,
        "verify_b_over_a_mean": 0.6336392483929985,
        "rss_b_over_a_mean": 0.33323323511195363
      }
    }
  ]
}