{
  "mode": "full-local",
  "k_run": 18,
  "repeats": 1,
  "order_policy": "alternate",
  "input_profile": "boundary",
  "scales": [
    4520
  ],
  "rows": [
    {
      "scale": 4520,
      "a_secure": {
        "keygen_vk_ms": {
          "mean": 1724.3058,
          "std": 0.0,
          "min": 1724.3058,
          "max": 1724.3058
        },
        "keygen_pk_ms": {
          "mean": 2490.7000999999996,
          "std": 0.0,
          "min": 2490.7000999999996,
          "max": 2490.7000999999996
        },
        "prove_ms": {
          "mean": 33263.3333,
          "std": 0.0,
          "min": 33263.3333,
          "max": 33263.3333
        },
        "verify_ms": {
          "mean": 7.450799999999999,
          "std": 0.0,
          "min": 7.450799999999999,
          "max": 7.450799999999999
        },
        "peak_rss_mb": {
          "mean": 6298.58984375,
          "std": 0.0,
          "min": 6298.58984375,
          "max": 6298.58984375
        },
        "proof_bytes": {
          "mean": 11072.0,
          "std": 0.0,
          "min": 11072.0,
          "max": 11072.0
        },
        "k_run": 18,
        "physical_rows": 131080
      },
      "b_note": {
        "keygen_vk_ms": {
          "mean": 1329.4624,
          "std": 0.0,
          "min": 1329.4624,
          "max": 1329.4624
        },
        "keygen_pk_ms": {
          "mean": 2987.2692,
          "std": 0.0,
          "min": 2987.2692,
          "max": 2987.2692
        },
        "prove_ms": {
          "mean": 27789.6623,
          "std": 0.0,
          "min": 27789.6623,
          "max": 27789.6623
        },
        "verify_ms": {
          "mean": 4.297300000000001,
          "std": 0.0,
          "min": 4.297300000000001,
          "max": 4.297300000000001
        },
        "peak_rss_mb": {
          "mean": 1794.33984375,
          "std": 0.0,
          "min": 1794.33984375,
          "max": 1794.33984375
        },
        "proof_bytes": {
          "mean": 5088.0,
          "std": 0.0,
          "min": 5088.0,
          "max": 5088.0
        },
        "k_run": 18,
        "physical_rows": 131080
      },
      "ratio": {
        "prove_b_over_a_mean": 0.8354443028714744,
        "verify_b_over_a_mean": 0.5767568583239385,
        "rss_b_over_a_mean": 0.28487961405051604
      }
    }
  ]
}