{
  "mode": "full-local",
  "k_run": 17,
  "repeats": 3,
  "order_policy": "alternate",
  "input_profile": "boundary",
  "scales": [
    32
  ],
  "rows": [
    {
      "scale": 32,
      "a_secure": {
        "keygen_vk_ms": {
          "mean": 164.87576666666666,
          "std": 12.857071330681107,
          "min": 146.8869,
          "max": 176.16299999999998
        },
        "keygen_pk_ms": {
          "mean": 420.6136666666667,
          "std": 7.6712000718415965,
          "min": 411.6586,
          "max": 430.3946
        },
        "prove_ms": {
          "mean": 15097.183466666667,
          "std": 386.18311178443383,
          "min": 14782.7824,
          "max": 15641.1269
        },
        "verify_ms": {
          "mean": 6.659133333333333,
          "std": 0.12066220986244547,
          "min": 6.5294,
          "max": 6.819999999999999
        },
        "peak_rss_mb": {
          "mean": 3152.3372395833335,
          "std": 0.9535589290003995,
          "min": 3151.59765625,
          "max": 3153.68359375
        },
        "proof_bytes": {
          "mean": 11072.0,
          "std": 0.0,
          "min": 11072.0,
          "max": 11072.0
        },
        "k_run": 17,
        "physical_rows": 928
      },
      "b_note": {
        "keygen_vk_ms": {
          "mean": 254.62839999999997,
          "std": 3.8719465363044274,
          "min": 249.8117,
          "max": 259.29229999999995
        },
        "keygen_pk_ms": {
          "mean": 982.3207333333332,
          "std": 14.093622830281124,
          "min": 968.1487,
          "max": 1001.5438999999999
        },
        "prove_ms": {
          "mean": 13247.566933333334,
          "std": 246.2902051911436,
          "min": 12902.9211,
          "max": 13463.5102
        },
        "verify_ms": {
          "mean": 4.268533333333333,
          "std": 0.03419496389171293,
          "min": 4.2372,
          "max": 4.3161
        },
        "peak_rss_mb": {
          "mean": 901.7903645833334,
          "std": 0.024773824987552668,
          "min": 901.765625,
          "max": 901.82421875
        },
        "proof_bytes": {
          "mean": 5088.0,
          "std": 0.0,
          "min": 5088.0,
          "max": 5088.0
        },
        "k_run": 17,
        "physical_rows": 928
      },
      "ratio": {
        "prove_b_over_a_mean": 0.8774859868784708,
        "verify_b_over_a_mean": 0.6410043348984352,
        "rss_b_over_a_mean": 0.28607039667574696
      }
    }
  ]
}