{
  "mode": "full-local",
  "k_run": 17,
  "repeats": 3,
  "order_policy": "alternate",
  "input_profile": "standard",
  "scales": [
    8
  ],
  "rows": [
    {
      "scale": 8,
      "a_secure": {
        "keygen_vk_ms": {
          "mean": 164.60023333333334,
          "std": 23.8803345373459,
          "min": 145.9462,
          "max": 198.3081
        },
        "keygen_pk_ms": {
          "mean": 422.57773333333336,
          "std": 20.79398247896626,
          "min": 407.3353,
          "max": 451.9782
        },
        "prove_ms": {
          "mean": 15274.839033333334,
          "std": 346.1240742616661,
          "min": 14967.9012,
          "max": 15758.5271
        },
        "verify_ms": {
          "mean": 7.023933333333334,
          "std": 0.20683193391952034,
          "min": 6.7346,
          "max": 7.2058
        },
        "peak_rss_mb": {
          "mean": 3152.5130208333335,
          "std": 1.2661727745488294,
          "min": 3151.53125,
          "max": 3154.30078125
        },
        "proof_bytes": {
          "mean": 11072.0,
          "std": 0.0,
          "min": 11072.0,
          "max": 11072.0
        },
        "k_run": 17,
        "physical_rows": 232
      },
      "b_note": {
        "keygen_vk_ms": {
          "mean": 267.11723333333333,
          "std": 8.602746253119133,
          "min": 260.8238,
          "max": 279.2809
        },
        "keygen_pk_ms": {
          "mean": 981.3530666666667,
          "std": 10.464455743239737,
          "min": 968.3157,
          "max": 993.9362000000001
        },
        "prove_ms": {
          "mean": 13088.400433333332,
          "std": 326.015328737493,
          "min": 12637.5358,
          "max": 13397.3181
        },
        "verify_ms": {
          "mean": 4.596433333333334,
          "std": 0.41858245172115016,
          "min": 4.2108,
          "max": 5.1782
        },
        "peak_rss_mb": {
          "mean": 901.8932291666666,
          "std": 0.08233039041425644,
          "min": 901.77734375,
          "max": 901.9609375
        },
        "proof_bytes": {
          "mean": 5088.0,
          "std": 0.0,
          "min": 5088.0,
          "max": 5088.0
        },
        "k_run": 17,
        "physical_rows": 232
      },
      "ratio": {
        "prove_b_over_a_mean": 0.8568601217185549,
        "verify_b_over_a_mean": 0.6543959225125523,
        "rss_b_over_a_mean": 0.2860870750434714
      }
    }
  ]
}