{
  "mode": "full-local",
  "k_run": 17,
  "repeats": 3,
  "order_policy": "alternate",
  "input_profile": "standard",
  "scales": [
    32
  ],
  "rows": [
    {
      "scale": 32,
      "a_secure": {
        "keygen_vk_ms": {
          "mean": 159.81653333333333,
          "std": 9.04659059990128,
          "min": 152.424,
          "max": 172.5557
        },
        "keygen_pk_ms": {
          "mean": 418.9212,
          "std": 8.191454164351208,
          "min": 412.9547,
          "max": 430.5039
        },
        "prove_ms": {
          "mean": 15184.678233333332,
          "std": 445.6882974725007,
          "min": 14851.096099999999,
          "max": 15814.61
        },
        "verify_ms": {
          "mean": 6.7466333333333335,
          "std": 0.09873659684005529,
          "min": 6.653499999999999,
          "max": 6.8833
        },
        "peak_rss_mb": {
          "mean": 3151.7421875,
          "std": 0.08740461691061673,
          "min": 3151.62109375,
          "max": 3151.82421875
        },
        "proof_bytes": {
          "mean": 11072.0,
          "std": 0.0,
          "min": 11072.0,
          "max": 11072.0
        },
        "k_run": 17,
        "physical_rows": 928
      },
      "b_note": {
        "keygen_vk_ms": {
          "mean": 284.3444666666667,
          "std": 37.20899019863642,
          "min": 256.15520000000004,
          "max": 336.9201
        },
        "keygen_pk_ms": {
          "mean": 994.0007333333333,
          "std": 33.75935531388133,
          "min": 964.78,
          "max": 1041.309
        },
        "prove_ms": {
          "mean": 12914.419266666666,
          "std": 123.29574644651078,
          "min": 12762.8869,
          "max": 13064.893
        },
        "verify_ms": {
          "mean": 4.5398,
          "std": 0.2817747090614531,
          "min": 4.1452,
          "max": 4.7852
        },
        "peak_rss_mb": {
          "mean": 900.15234375,
          "std": 2.1493345665056527,
          "min": 897.125,
          "max": 901.90234375
        },
        "proof_bytes": {
          "mean": 5088.0,
          "std": 0.0,
          "min": 5088.0,
          "max": 5088.0
        },
        "k_run": 17,
        "physical_rows": 928
      },
      "ratio": {
        "prove_b_over_a_mean": 0.850490149887865,
        "verify_b_over_a_mean": 0.6728985815147307,
        "rss_b_over_a_mean": 0.28560468788343746
      }
    }
  ]
}